OBJECTID_1,OBJECTID,HUC8,Site,POINT_X,POINT_Y,HAiFLS_alt,HAiFLS_bmp,HAiFLS_ag,HAiFLS_dev,HAiFLS_for,HAiFLS_pas
1,8,UPI,202,-91.944381660000005,43.433892497999999,62.7959518,37.2040482,17.7761421,23.7241650,30.7904701,21.2956467