avg_LIBI,min,max,SE,SmpSize,BKT_status
60.90909091,30,80,4.005924466,11,1
19.625,0,90,5.31292388,80,0
