avg_MIBI,min,max,SE,SmpSize,BKT_status
78.63636364,20,105,5.378922413,11,1
40.375,0,100,6.110284824,80,0
