"","df","logLik","AICc","delta","weight"
"cott.full.mod",8,-137.742421523269,292.59253535423,0,0.987198228432366
"cott.env.mod",6,-144.324592836645,301.285549309654,8.69301395542459,0.012786166967774
"cott.null.mod",3,-154.489597707894,315.156973193566,22.5644378393366,1.24336588415645e-05
"cott.brt.mod",5,-153.719301509826,317.889730839201,25.2971954849709,3.17094101852876e-06
