"reach","p","lcl","ucl"
1,0.6871649,0.5797093,0.7776832
2,0.90213420020799,0.82335572749351,0.95057524043776
3,0.969384142735487,0.925758055057257,0.989012045613353
