"","df","logLik","AICc","delta","weight"
"lnd.env.mod",6,-191.708025876525,396.052415389413,0,0.391466463814124
"lnd.null.mod",3,-195.329424845814,396.836627469405,0.784212079992074,0.26448745234136
"lnd.full.mod",8,-190.020871107808,397.149434523308,1.09701913389483,0.226193377046142
"lnd.brt.mod",5,-194.001108038654,398.453343896856,2.4009285074431,0.117852706798374
