"reach","p","lcl","ucl"
1,0.6861945,0.5781309,0.7772428
2,0.90152610816975,0.82202646246519,0.95037922984816
3,0.969098351137263,0.924918463896373,0.988946616179133
