"reach","p","lcl","ucl"
1,0.6871504,0.5796786,0.7776817
2,0.90212512777984,0.82332992070204,0.95057457348511
3,0.969379885375872,0.92574178493137,0.989011823200435
