"reach","p","lcl","ucl"
1,0.7946285,0.6483078,0.8903674
2,0.95782254698775,0.87631259645916,0.98798069301724
3,0.991337953208695,0.956500104936434,0.998682292125282
