"reach","p","lcl","ucl"
1,0.793825,0.6471543,0.8899001
2,0.957491869375,0.87549991199151,0.98787801201999
3,0.991235886168391,0.956070679296583,0.9986653703356
