"reach","p","lcl","ucl"
1,0.4129207,0.2904924,0.5471558
2,0.65533789551151,0.49659896554224,0.79493213052636
3,0.79765601296037,0.642833140204357,0.907136204702505
