"reach","p","lcl","ucl"
1,0.404282,0.28157,0.5402571
2,0.645120064476,0.4838583351,0.78863646589959
3,0.788591634569514,0.629188343685893,0.902827115878429
