"reach","p","lcl","ucl"
1,0.5405216,0.42359,0.6531555
2,0.78887959993344,0.6677515119,0.87969889281975
3,0.902994736370057,0.808488648974279,0.95827422263062
