"p","Psi","model","npar","AICc","DeltaAICc","weight","Neg2LnL"
"~1","~Area_km2 + pctcbbl + elev_m + avgT","p(~1)Psi(~Area_km2 + pctcbbl + elev_m + avgT)",6,231.247353636364,0,0.607554523576853,218.61099
"~1","~Area_km2 + pctcbbl + elev_m + avgT + med_len + BRT_100m","p(~1)Psi(~Area_km2 + pctcbbl + elev_m + avgT + med_len + BRT_100m)",8,232.121442307692,0.874088671328678,0.392445465538797,215.01375
"~1","~med_len + BRT_100m","p(~1)Psi(~med_len + BRT_100m)",4,266.972607462687,35.725253826323,1.06156100783388e-08,258.6741
"~1","~1","p(~1)Psi(~1)",2,274.325285294118,43.077931657754,2.68739344423887e-10,270.23705
