"p","Psi","model","npar","AICc","DeltaAICc","weight","Neg2LnL"
"~1","~Area_km2 + pctcbbl + pctSlope + med_len + BRT_100m","p(~1)Psi(~Area_km2 + pctcbbl + pctSlope + med_len + BRT_100m)",7,261.559181832061,0,0.928180344099084,246.70422
"~1","~med_len + BRT_100m","p(~1)Psi(~med_len + BRT_100m)",4,266.972607462687,5.41342563062557,0.0619615006495668,258.6741
"~1","~Area_km2 + pctcbbl + pctSlope","p(~1)Psi(~Area_km2 + pctcbbl + pctSlope)",5,270.995637819549,9.43645598748782,0.00828956965511857,260.54451
"~1","~1","p(~1)Psi(~1)",2,274.325285294118,12.7661034620566,0.0015685855962308,270.23705
