"p","Psi","model","npar","AICc","DeltaAICc","weight","Neg2LnL"
"~1","~avwid + pctcbbl + pctSlope + med_len + BRT_100m","p(~1)Psi(~avwid + pctcbbl + pctSlope + med_len + BRT_100m)",7,242.515291832061,0,0.999752262772211,227.66033
"~1","~avwid + pctcbbl + pctSlope","p(~1)Psi(~avwid + pctcbbl + pctSlope)",5,259.161947819549,16.6466559874878,0.000242726378935428,248.71082
"~1","~med_len + BRT_100m","p(~1)Psi(~med_len + BRT_100m)",4,266.972607462687,24.4573156306255,4.88712880563807e-06,258.6741
"~1","~1","p(~1)Psi(~1)",2,274.325285294118,31.8099934620566,1.23720048273268e-07,270.23705
