"p","Psi","model","npar","AICc","DeltaAICc","weight","Neg2LnL"
"~1","~avgT + avdep + pctfines + med_len + BRT_100m","p(~1)Psi(~avgT + avdep + pctfines + med_len + BRT_100m)",7,253.133891832061,0,0.967187087475278,238.27893
"~1","~avgT + avdep + pctfines","p(~1)Psi(~avgT + avdep + pctfines)",5,260.034187819549,6.90029598748777,0.0306994259293662,249.58306
"~1","~med_len + BRT_100m","p(~1)Psi(~med_len + BRT_100m)",4,265.386137462687,12.2522456306255,0.00211333894149183,257.08763
"~1","~1","p(~1)Psi(~1)",2,284.523955294118,31.3900634620566,1.47653863687697e-07,280.43572
